"Model","mAP50","mAP50-95","mAP75","Mean_Precision","Mean_Recall","Mean_F1_Score","Speed_Preprocess_ms","Speed_Inference_ms","Speed_Postprocess_ms","Total_Speed_ms"
"Baseline (Null)","0.971736531668931","0.844959775545017","0.94246749972699","0.92940957986784","0.930708885526229","0.930000204439683","0.693188495758871","3.64452101766962","1.25469778755456","5.59240730098305"
"WIoU v3","0.975029825060477","0.845313516580715","0.949959509178761","0.943212363637535","0.929242905111719","0.936024834852946","0.677536725674048","3.0356719026367","1.84533407088638","5.55854269919713"
"EMA","0.967374201247413","0.827307077054331","0.930435546098304","0.93345818229622","0.920076450451244","0.926644448869094","0.724330973334711","4.90553185829364","1.56921836288645","7.19908119451481"
"CBAM","0.94974137888575","0.790096653815319","0.897550063645054","0.902328362315835","0.88790878067645","0.894919405578026","0.837654867263581","3.29670331861197","1.88136460172374","6.0157227875993"
"ShuffleAttention","0.951394099945904","0.787143910615","0.897833192856736","0.91613516442217","0.887704285975329","0.901381730389213","0.699963716770635","5.52608252214708","1.15095088495659","7.37699712387431"
"GE","0.948875882465594","0.785617978361439","0.901093625959428","0.905376750209196","0.880641768016764","0.892467698950063","0.681042920340773","5.67005641603393","1.25548827445608","7.60658761083078"
"CAA","0.943228050198918","0.775364369117343","0.890767656076353","0.895204337073101","0.885147730264753","0.889960173326358","0.751692477917732","6.21707500000106","1.4198057521745","8.38857323009329"
"","","","","","","","","","",""
"","","","","","","","","","",""
"","","","","","","","","","",""
"","","","","","","","","","",""
"","","","","","","","","","",""
"","","","","","","","","","",""
"","","","","","","","","","",""
"","","","","","","","","","",""
"","","","","","","","","","",""
"","","","","","","","","","",""
"","","","","","","","","","",""
"","","","","","","","","","",""
"","","","","","","","","","",""
"","","","","","","","","","",""
"","","","","","","","","","",""
"","","","","","","","","","",""
"","","","","","","","","","",""
"","","","","","","","","","",""
"","","","","","","","","","",""
"","","","","","","","","","",""
"","","","","","","","","","",""
"","","","","","","","","","",""
"","","","","","","","","","",""
"","","","","","","","","","",""
"","","","","","","","","","",""
"","","","","","","","","","",""
"","","","","","","","","","",""
"","","","","","","","","","",""
"","","","","","","","","","",""
"","","","","","","","","","",""
"","","","","","","","","","",""
"","","","","","","","","","",""
"","","","","","","","","","",""
"","","","","","","","","","",""
"","","","","","","","","","",""
"","","","","","","","","","",""
"","","","","","","","","","",""
"","","","","","","","","","",""
